{
  "protocol_version" : "0.0.6",
  "configuration" : {
    "version" : "(6.8.0.123) (2019-10/1d0d939dc30)",
    "tlc" : "normal",
    "sigsgev" : "altstack",
    "notifications" : "kqueue",
    "architecture" : "amd64",
    "disabled_features" : "none",
    "smallconfig" : "disabled",
    "bigarrays" : "disabled",
    "softdebug" : "enabled",
    "interpreter" : "enabled",
    "llvm_support" : "0",
    "suspend" : "hybrid"
  },
  "memory" : {
    "Resident Size" : "185495552",
    "Virtual Size" : "4661440512",
    "minor_gc_time" : "1298763",
    "major_gc_time" : "0",
    "minor_gc_count" : "2",
    "major_gc_count" : "0",
    "major_gc_time_concurrent" : "0"
 },
  "threads" : [
 {
    "is_managed" : true,
    "offset_free_hash" : "0xf3dbef0fc",
    "offset_rich_hash" : "0xf3dbef424",
    "crashed" : true,
    "native_thread_id" : "0x700008154000",
    "thread_info_addr" : "0x7fba2713a200",
    "thread_name" : "Thread Pool Worker",
    "ctx" : {
      "IP" : "0x7fff6762e33a",
      "SP" : "0x7000081525d8",
      "BP" : "0x700008152600"
  },
    "managed_frames" : [
  {
      "is_managed" : "false",
      "native_address" : "unregistered"
   }
,
  {
      "is_managed" : "true",
      "guid" : "F9D1B832-704F-410A-A8EC-771F4FE80552",
      "token" : "0x00000",
      "native_offset" : "0x0",
      "filename" : "mscorlib.dll",
      "sizeofimage" : "0x474000",
      "timestamp" : "0xd0017708",
      "il_offset" : "0x0000c"
   }
,
  {
      "is_managed" : "true",
      "guid" : "F9D1B832-704F-410A-A8EC-771F4FE80552",
      "token" : "0x6001f89",
      "native_offset" : "0x0",
      "filename" : "mscorlib.dll",
      "sizeofimage" : "0x474000",
      "timestamp" : "0xd0017708",
      "il_offset" : "0x0001a"
   }
,
  {
      "is_managed" : "true",
      "guid" : "F9D1B832-704F-410A-A8EC-771F4FE80552",
      "token" : "0x6001f2f",
      "native_offset" : "0x0",
      "filename" : "mscorlib.dll",
      "sizeofimage" : "0x474000",
      "timestamp" : "0xd0017708",
      "il_offset" : "0x00028"
   }
,
  {
      "is_managed" : "true",
      "guid" : "F9D1B832-704F-410A-A8EC-771F4FE80552",
      "token" : "0x6001f2d",
      "native_offset" : "0x0",
      "filename" : "mscorlib.dll",
      "sizeofimage" : "0x474000",
      "timestamp" : "0xd0017708",
      "il_offset" : "0x00002"
   }
,
  {
      "is_managed" : "true",
      "guid" : "0A524050-C08D-4243-8E8C-E610E157685E",
      "token" : "0x6000084",
      "native_offset" : "0x0",
      "filename" : "MonoDevelop.MSBuildBuilder.exe",
      "sizeofimage" : "0x14000",
      "timestamp" : "0xcf68e9fd",
      "il_offset" : "0x000ae"
   }
,
  {
      "is_managed" : "true",
      "guid" : "0A524050-C08D-4243-8E8C-E610E157685E",
      "token" : "0x6000083",
      "native_offset" : "0x0",
      "filename" : "MonoDevelop.MSBuildBuilder.exe",
      "sizeofimage" : "0x14000",
      "timestamp" : "0xcf68e9fd",
      "il_offset" : "0x00001"
   }
,
  {
      "is_managed" : "true",
      "guid" : "0A524050-C08D-4243-8E8C-E610E157685E",
      "token" : "0x600006a",
      "native_offset" : "0x0",
      "filename" : "MonoDevelop.MSBuildBuilder.exe",
      "sizeofimage" : "0x14000",
      "timestamp" : "0xcf68e9fd",
      "il_offset" : "0x00048"
   }
,
  {
      "is_managed" : "true",
      "guid" : "0A524050-C08D-4243-8E8C-E610E157685E",
      "token" : "0x60000a1",
      "native_offset" : "0x0",
      "filename" : "MonoDevelop.MSBuildBuilder.exe",
      "sizeofimage" : "0x14000",
      "timestamp" : "0xcf68e9fd",
      "il_offset" : "0x00001"
   }
,
  {
      "is_managed" : "true",
      "guid" : "0A524050-C08D-4243-8E8C-E610E157685E",
      "token" : "0x6000067",
      "native_offset" : "0x0",
      "filename" : "MonoDevelop.MSBuildBuilder.exe",
      "sizeofimage" : "0x14000",
      "timestamp" : "0xcf68e9fd",
      "il_offset" : "0x00001"
   }
,
  {
      "is_managed" : "true",
      "guid" : "0A524050-C08D-4243-8E8C-E610E157685E",
      "token" : "0x6000075",
      "native_offset" : "0x0",
      "filename" : "MonoDevelop.MSBuildBuilder.exe",
      "sizeofimage" : "0x14000",
      "timestamp" : "0xcf68e9fd",
      "il_offset" : "0x00057"
   }
,
  {
      "is_managed" : "true",
      "guid" : "0A524050-C08D-4243-8E8C-E610E157685E",
      "token" : "0x00000",
      "native_offset" : "0x0",
      "filename" : "MonoDevelop.MSBuildBuilder.exe",
      "sizeofimage" : "0x14000",
      "timestamp" : "0xcf68e9fd",
      "il_offset" : "0x0002a"
   }
,
  {
      "is_managed" : "false",
      "native_address" : "unregistered"
   }
,
  {
      "is_managed" : "true",
      "guid" : "F9D1B832-704F-410A-A8EC-771F4FE80552",
      "token" : "0x00000",
      "native_offset" : "0x0",
      "filename" : "mscorlib.dll",
      "sizeofimage" : "0x474000",
      "timestamp" : "0xd0017708",
      "il_offset" : "0x0000c"
   }
,
  {
      "is_managed" : "true",
      "guid" : "F9D1B832-704F-410A-A8EC-771F4FE80552",
      "token" : "0x60048cf",
      "native_offset" : "0x0",
      "filename" : "mscorlib.dll",
      "sizeofimage" : "0x474000",
      "timestamp" : "0xd0017708",
      "il_offset" : "0x00000"
   }
,
  {
      "is_managed" : "true",
      "guid" : "0A524050-C08D-4243-8E8C-E610E157685E",
      "token" : "0x6000039",
      "native_offset" : "0x0",
      "filename" : "MonoDevelop.MSBuildBuilder.exe",
      "sizeofimage" : "0x14000",
      "timestamp" : "0xcf68e9fd",
      "il_offset" : "0x00019"
   }
,
  {
      "is_managed" : "true",
      "guid" : "0A524050-C08D-4243-8E8C-E610E157685E",
      "token" : "0x6000169",
      "native_offset" : "0x0",
      "filename" : "MonoDevelop.MSBuildBuilder.exe",
      "sizeofimage" : "0x14000",
      "timestamp" : "0xcf68e9fd",
      "il_offset" : "0x00029"
   }
,
  {
      "is_managed" : "true",
      "guid" : "0A524050-C08D-4243-8E8C-E610E157685E",
      "token" : "0x6000184",
      "native_offset" : "0x0",
      "filename" : "MonoDevelop.MSBuildBuilder.exe",
      "sizeofimage" : "0x14000",
      "timestamp" : "0xcf68e9fd",
      "il_offset" : "0x00001"
   }
,
  {
      "is_managed" : "true",
      "guid" : "F9D1B832-704F-410A-A8EC-771F4FE80552",
      "token" : "0x6001ecb",
      "native_offset" : "0x0",
      "filename" : "mscorlib.dll",
      "sizeofimage" : "0x474000",
      "timestamp" : "0xd0017708",
      "il_offset" : "0x00071"
   }
,
  {
      "is_managed" : "true",
      "guid" : "F9D1B832-704F-410A-A8EC-771F4FE80552",
      "token" : "0x6001ec9",
      "native_offset" : "0x0",
      "filename" : "mscorlib.dll",
      "sizeofimage" : "0x474000",
      "timestamp" : "0xd0017708",
      "il_offset" : "0x00000"
   }
,
  {
      "is_managed" : "true",
      "guid" : "F9D1B832-704F-410A-A8EC-771F4FE80552",
      "token" : "0x6001fd7",
      "native_offset" : "0x0",
      "filename" : "mscorlib.dll",
      "sizeofimage" : "0x474000",
      "timestamp" : "0xd0017708",
      "il_offset" : "0x00074"
   }
,
  {
      "is_managed" : "true",
      "guid" : "F9D1B832-704F-410A-A8EC-771F4FE80552",
      "token" : "0x6001fec",
      "native_offset" : "0x0",
      "filename" : "mscorlib.dll",
      "sizeofimage" : "0x474000",
      "timestamp" : "0xd0017708",
      "il_offset" : "0x00000"
   }
,
  {
      "is_managed" : "true",
      "guid" : "F9D1B832-704F-410A-A8EC-771F4FE80552",
      "token" : "0x00000",
      "native_offset" : "0x0",
      "filename" : "mscorlib.dll",
      "sizeofimage" : "0x474000",
      "timestamp" : "0xd0017708",
      "il_offset" : "0x0002a"
   }

  ],
  "unmanaged_frames" : [
 {
    "is_managed" : "false",
    "native_address" : "0x10256faf6",
    "native_offset" : "0x00000"
  }
,
 {
    "is_managed" : "false",
    "native_address" : "0x1027098a5",
    "native_offset" : "0x00000"
  }
,
 {
    "is_managed" : "false",
    "native_address" : "0x102709f2a",
    "native_offset" : "0x00000"
  }
,
 {
    "is_managed" : "false",
    "native_address" : "0x1025dc366",
    "native_offset" : "0x00000"
  }
,
 {
    "is_managed" : "false",
    "native_address" : "0x1025747a5",
    "native_offset" : "0x00000"
  }
,
 {
    "is_managed" : "false",
    "native_address" : "0x1025db78b",
    "native_offset" : "0x00000"
  }
,
 {
    "is_managed" : "false",
    "native_address" : "0x7fff676df5fd",
    "native_offset" : "0x00000"
  }
,
 {
    "is_managed" : "false",
    "native_address" : "unregistered"
  }
,
 {
    "is_managed" : "false",
    "native_address" : "0x7fff675b5808",
    "native_offset" : "0x00000"
  }
,
 {
    "is_managed" : "false",
    "native_address" : "0x1027d8c67",
    "native_offset" : "0x00000"
  }
,
 {
    "is_managed" : "false",
    "native_address" : "0x1027b9a8f",
    "native_offset" : "0x00000"
  }
,
 {
    "is_managed" : "false",
    "native_address" : "0x1027d8fee",
    "native_offset" : "0x00000"
  }
,
 {
    "is_managed" : "false",
    "native_address" : "0x1027d916f",
    "native_offset" : "0x00000"
  }
,
 {
    "is_managed" : "false",
    "native_address" : "0x1026723e2",
    "native_offset" : "0x00000"
  }
,
 {
    "is_managed" : "false",
    "native_address" : "0x102672982",
    "native_offset" : "0x00000"
  }
,
 {
    "is_managed" : "false",
    "native_address" : "0x1027c6f81",
    "native_offset" : "0x00000"
  }
,
 {
    "is_managed" : "false",
    "native_address" : "0x1027c7330",
    "native_offset" : "0x00000"
  }
,
 {
    "is_managed" : "false",
    "native_address" : "0x102674ad6",
    "native_offset" : "0x00000"
  }
,
 {
    "is_managed" : "false",
    "native_address" : "0x102699920",
    "native_offset" : "0x00000"
  }
,
 {
    "is_managed" : "true",
    "guid" : "F9D1B832-704F-410A-A8EC-771F4FE80552",
    "token" : "0x00000",
    "native_offset" : "0x0",
    "filename" : "mscorlib.dll",
    "sizeofimage" : "0x474000",
    "timestamp" : "0xd0017708",
    "il_offset" : "0x00000"
  }
,
 {
    "is_managed" : "true",
    "guid" : "F9D1B832-704F-410A-A8EC-771F4FE80552",
    "token" : "0x6001f89",
    "native_offset" : "0x0",
    "filename" : "mscorlib.dll",
    "sizeofimage" : "0x474000",
    "timestamp" : "0xd0017708",
    "il_offset" : "0x00000"
  }
,
 {
    "is_managed" : "true",
    "guid" : "0A524050-C08D-4243-8E8C-E610E157685E",
    "token" : "0x6000083",
    "native_offset" : "0x0",
    "filename" : "MonoDevelop.MSBuildBuilder.exe",
    "sizeofimage" : "0x14000",
    "timestamp" : "0xcf68e9fd",
    "il_offset" : "0x00000"
  }
,
 {
    "is_managed" : "true",
    "guid" : "0A524050-C08D-4243-8E8C-E610E157685E",
    "token" : "0x600006a",
    "native_offset" : "0x0",
    "filename" : "MonoDevelop.MSBuildBuilder.exe",
    "sizeofimage" : "0x14000",
    "timestamp" : "0xcf68e9fd",
    "il_offset" : "0x00000"
  }
,
 {
    "is_managed" : "true",
    "guid" : "0A524050-C08D-4243-8E8C-E610E157685E",
    "token" : "0x60000a1",
    "native_offset" : "0x0",
    "filename" : "MonoDevelop.MSBuildBuilder.exe",
    "sizeofimage" : "0x14000",
    "timestamp" : "0xcf68e9fd",
    "il_offset" : "0x00000"
  }
,
 {
    "is_managed" : "true",
    "guid" : "0A524050-C08D-4243-8E8C-E610E157685E",
    "token" : "0x6000067",
    "native_offset" : "0x0",
    "filename" : "MonoDevelop.MSBuildBuilder.exe",
    "sizeofimage" : "0x14000",
    "timestamp" : "0xcf68e9fd",
    "il_offset" : "0x00000"
  }
,
 {
    "is_managed" : "true",
    "guid" : "0A524050-C08D-4243-8E8C-E610E157685E",
    "token" : "0x6000075",
    "native_offset" : "0x0",
    "filename" : "MonoDevelop.MSBuildBuilder.exe",
    "sizeofimage" : "0x14000",
    "timestamp" : "0xcf68e9fd",
    "il_offset" : "0x00000"
  }
,
 {
    "is_managed" : "true",
    "guid" : "0A524050-C08D-4243-8E8C-E610E157685E",
    "token" : "0x00000",
    "native_offset" : "0x0",
    "filename" : "MonoDevelop.MSBuildBuilder.exe",
    "sizeofimage" : "0x14000",
    "timestamp" : "0xcf68e9fd",
    "il_offset" : "0x00000"
  }
,
 {
    "is_managed" : "false",
    "native_address" : "0x1024d167b",
    "native_offset" : "0x00000"
  }
,
 {
    "is_managed" : "false",
    "native_address" : "0x1026deb67",
    "native_offset" : "0x00000"
  }
,
 {
    "is_managed" : "false",
    "native_address" : "0x1026e77d9",
    "native_offset" : "0x00000"
  }
,
 {
    "is_managed" : "false",
    "native_address" : "0x10267c80d",
    "native_offset" : "0x00000"
  }
,
 {
    "is_managed" : "false",
    "native_address" : "0x10269111e",
    "native_offset" : "0x00000"
  }
,
 {
    "is_managed" : "true",
    "guid" : "F9D1B832-704F-410A-A8EC-771F4FE80552",
    "token" : "0x00000",
    "native_offset" : "0x0",
    "filename" : "mscorlib.dll",
    "sizeofimage" : "0x474000",
    "timestamp" : "0xd0017708",
    "il_offset" : "0x00000"
  }
,
 {
    "is_managed" : "true",
    "guid" : "(null)",
    "token" : "0x00000",
    "native_offset" : "0x0",
    "filename" : "(null)",
    "sizeofimage" : "0x0",
    "timestamp" : "0x0",
    "il_offset" : "0x00000"
  }
,
 {
    "is_managed" : "true",
    "guid" : "F9D1B832-704F-410A-A8EC-771F4FE80552",
    "token" : "0x60048cf",
    "native_offset" : "0x0",
    "filename" : "mscorlib.dll",
    "sizeofimage" : "0x474000",
    "timestamp" : "0xd0017708",
    "il_offset" : "0x00000"
  }
,
 {
    "is_managed" : "true",
    "guid" : "0A524050-C08D-4243-8E8C-E610E157685E",
    "token" : "0x6000169",
    "native_offset" : "0x0",
    "filename" : "MonoDevelop.MSBuildBuilder.exe",
    "sizeofimage" : "0x14000",
    "timestamp" : "0xcf68e9fd",
    "il_offset" : "0x00000"
  }
,
 {
    "is_managed" : "true",
    "guid" : "0A524050-C08D-4243-8E8C-E610E157685E",
    "token" : "0x6000184",
    "native_offset" : "0x0",
    "filename" : "MonoDevelop.MSBuildBuilder.exe",
    "sizeofimage" : "0x14000",
    "timestamp" : "0xcf68e9fd",
    "il_offset" : "0x00000"
  }
,
 {
    "is_managed" : "true",
    "guid" : "(null)",
    "token" : "0x00000",
    "native_offset" : "0x0",
    "filename" : "(null)",
    "sizeofimage" : "0x0",
    "timestamp" : "0x0",
    "il_offset" : "0x00000"
  }
,
 {
    "is_managed" : "true",
    "guid" : "F9D1B832-704F-410A-A8EC-771F4FE80552",
    "token" : "0x6001ec9",
    "native_offset" : "0x0",
    "filename" : "mscorlib.dll",
    "sizeofimage" : "0x474000",
    "timestamp" : "0xd0017708",
    "il_offset" : "0x00000"
  }
,
 {
    "is_managed" : "true",
    "guid" : "F9D1B832-704F-410A-A8EC-771F4FE80552",
    "token" : "0x6001fec",
    "native_offset" : "0x0",
    "filename" : "mscorlib.dll",
    "sizeofimage" : "0x474000",
    "timestamp" : "0xd0017708",
    "il_offset" : "0x00000"
  }
,
 {
    "is_managed" : "false",
    "native_address" : "0x1024d167b",
    "native_offset" : "0x00000"
  }
,
 {
    "is_managed" : "false",
    "native_address" : "0x1026e0552",
    "native_offset" : "0x00000"
  }
,
 {
    "is_managed" : "false",
    "native_address" : "0x10270d087",
    "native_offset" : "0x00000"
  }
,
 {
    "is_managed" : "false",
    "native_address" : "0x10263ccb8",
    "native_offset" : "0x00000"
  }
,
 {
    "is_managed" : "false",
    "native_address" : "0x10270a528",
    "native_offset" : "0x00000"
  }
,
 {
    "is_managed" : "false",
    "native_address" : "0x7fff676eb109",
    "native_offset" : "0x00000"
  }
,
 {
    "is_managed" : "false",
    "native_address" : "0x7fff676e6b8b",
    "native_offset" : "0x00000"
  }

 ]
},
{
  "is_managed" : false,
  "offset_free_hash" : "0x0",
  "offset_rich_hash" : "0x0",
  "crashed" : false,
  "native_thread_id" : "0x700007a45000",
  "thread_info_addr" : "0x7fba2681d600",
  "thread_name" : "Finalizer",
  "ctx" : {
    "IP" : "0x7fff67627e36",
    "SP" : "0x700007a44eb8",
    "BP" : "0x700007a44f00"
 },
  "unmanaged_frames" : [
 {
    "is_managed" : "false",
    "native_address" : "0x10256faf6",
    "native_offset" : "0x00000"
  }
,
 {
    "is_managed" : "false",
    "native_address" : "0x1027098a5",
    "native_offset" : "0x00000"
  }
,
 {
    "is_managed" : "false",
    "native_address" : "0x1027095d7",
    "native_offset" : "0x00000"
  }
,
 {
    "is_managed" : "false",
    "native_address" : "0x1025db3ec",
    "native_offset" : "0x00000"
  }
,
 {
    "is_managed" : "false",
    "native_address" : "0x7fff676df5fd",
    "native_offset" : "0x00000"
  }
,
 {
    "is_managed" : "true",
    "guid" : "F9D1B832-704F-410A-A8EC-771F4FE80552",
    "token" : "0x6001464",
    "native_offset" : "0x0",
    "filename" : "mscorlib.dll",
    "sizeofimage" : "0x474000",
    "timestamp" : "0xd0017708",
    "il_offset" : "0x00000"
  }
,
 {
    "is_managed" : "false",
    "native_address" : "0x10270a528",
    "native_offset" : "0x00000"
  }
,
 {
    "is_managed" : "false",
    "native_address" : "0x7fff676eb109",
    "native_offset" : "0x00000"
  }
,
 {
    "is_managed" : "false",
    "native_address" : "0x7fff676e6b8b",
    "native_offset" : "0x00000"
  }

 ]
},
{
  "is_managed" : false,
  "offset_free_hash" : "0x0",
  "offset_rich_hash" : "0x0",
  "crashed" : false,
  "native_thread_id" : "0x10c807dc0",
  "thread_info_addr" : "0x7fba27808200",
  "thread_name" : "tid_307",
  "ctx" : {
    "IP" : "0x7fff6762a882",
    "SP" : "0x7ffeed741cc8",
    "BP" : "0x7ffeed741d60"
 },
  "unmanaged_frames" : [
 {
    "is_managed" : "false",
    "native_address" : "0x10256faf6",
    "native_offset" : "0x00000"
  }
,
 {
    "is_managed" : "false",
    "native_address" : "0x1027098a5",
    "native_offset" : "0x00000"
  }
,
 {
    "is_managed" : "false",
    "native_address" : "0x1027095d7",
    "native_offset" : "0x00000"
  }
,
 {
    "is_managed" : "false",
    "native_address" : "0x1025db3ec",
    "native_offset" : "0x00000"
  }
,
 {
    "is_managed" : "false",
    "native_address" : "0x7fff676df5fd",
    "native_offset" : "0x00000"
  }
,
 {
    "is_managed" : "false",
    "native_address" : "0x7ffeed7419b8",
    "native_offset" : "0x00000"
  }
,
 {
    "is_managed" : "false",
    "native_address" : "0x1027b5c40",
    "native_offset" : "0x00000"
  }
,
 {
    "is_managed" : "false",
    "native_address" : "0x1027ce121",
    "native_offset" : "0x00000"
  }
,
 {
    "is_managed" : "false",
    "native_address" : "0x102706754",
    "native_offset" : "0x00000"
  }
,
 {
    "is_managed" : "false",
    "native_address" : "0x10270656a",
    "native_offset" : "0x00000"
  }
,
 {
    "is_managed" : "false",
    "native_address" : "0x1025354b2",
    "native_offset" : "0x00000"
  }
,
 {
    "is_managed" : "false",
    "native_address" : "0x1024c05c8",
    "native_offset" : "0x00000"
  }
,
 {
    "is_managed" : "false",
    "native_address" : "0x7fff674e6cc9",
    "native_offset" : "0x00000"
  }
,
 {
    "is_managed" : "false",
    "native_address" : "0x5",
    "native_offset" : "0x00000"
  }

 ]
}
]
}